harry,9780439785969,9780439358071,9780439554893,9780439655484,9780553212419
sherlock,9780553212419,9780393059168,9780393058000,9781598870299,9780439358071
shakespeare,9780748702558,9780521618748,9781903436578,9780307277671
danbrown,9780307277671,9781416524793,9781423101451,9780786856862,9780786838653
percy,9781416524793,9781423101451,9780786856862,9780517223628
children,9781416500391,9780517223628,9780521618748,9780439358071,9780439655484,9781423101451
AAAAA,9780439358071,9780439358072,9780192839190,9780748702558,9780307277671
P,9780976540601,9780142403884,9780439554893,9780439682589,9780553212419,9780439655484
varungupta3009,9780142403884,9780439554893,9780375708114,9780375708114,9780553212419
aekanshd,9780439554893
